{
    "wait": "_Wait a minute, data is being processed!_",
    "error": {
        "Iv": "Link yang kamu berikan tidak valid",
        "api": "Maaf terjadi kesalahan"
    },
    "OnlyGrup": "Perintah ini hanya bisa digunakan di grup",
    "OnlyPM": "Perintah ini hanya bisa digunakan di private message",
    "GrupAdmin": "Perintah ini hanya bisa digunakan oleh Admin Grup",
    "BotAdmin": "Bot Harus menjadi admin",
    "OnlyOwner": "Perintah ini hanya dapat digunakan oleh owner bot",
    "OnlyPrem": "Perintah ini khusus member premium",
    "OnlyUser": "Maaf kak, kamu belum terdaftar di database bot, ketik #verify\nUntuk memverifikasi."
}